"","FitPars","Lower","Default","Upper"
"eact_pl",66511.2685403106,31954.5,63909,95863.5
"alpha_pl",1531447059509.01,9e+11,1.8e+12,2.7e+12
"tae_ref",20.267312188168,7.5,15,22.5
