"","X","i","iter","Vslope_x","Vint_x","Kslope_x","Kint_x","Tau_x","CUE_x","desorb_x","fPHYS_x","slope","r2","RMSE","MICpropSOC","LITpropSOC","MIM_CO_Avg","SOMpTOvAvg","improve"
"1",932,117,351,0.316049428502344,1.49477050942369,0.959485498828941,1.16761680564377,2.29390718354251,0.973892821522895,0.209786221247337,0.0485175083891493,0.28,0.283,4.77503059136705,0.0131856689949013,0.497902480136991,1.6906217846812,52.5648454605736,1
