"","i","iter","w1_x","w2_x","t3_x","t4_x","k_active_x","k_slow_x","k_passive_x","metlitter_to_active_x","strlitter_to_active_x","strlitter_to_slow_x","r2","RMSE","improve"
"1",13,37,0.0796308374892442,3.29293836861939,0.698099635324086,1.12895966051146,0.165736989291888,0.117823560999705,1.00194860459305,1,1.68997505196846,1,0.169267560444635,4.64011249676864,1
