"","i","iter","k_active_x","k_slow_x","k_passive_x","metlitter_to_active_x","strlitter_to_active_x","strlitter_to_slow_x","r2","RMSE","improve"
"1",6,19,0.572319690021686,1.09641049647083,1.20808944573209,1.36083033128212,0.626578083212434,1.15696052221271,0.173069749339344,4.25718047194846,1
