"","FitPars","Lower","Default","Upper"
"k_active",0.0227072294520177,0.002,0.02,0.2
"k_slow",0.00045555949347439,5e-05,5e-04,0.005
"k_passive",2.01849877822852e-05,2e-06,2e-05,2e-04
